Do you use supplemental oxygen? ,Condition referred to as Status Asthmaticus? ,"In the last 6 months, Limited Activies or TOW?","Past 5 years, been hospitalizd?",Oral Steroid Risk,Attack Severity,Asthma Severity,Risk Score
Yes,N/A,N/A,N/A,N/A,N/A,Extreme,N/A
No,Yes,N/A,N/A,N/A,N/A,High,N/A
No,No,Yes,N/A,N/A,N/A,High,N/A
No,No,No,Yes,N/A,N/A,High,N/A
No,No,No,No,N/A,"Intermittent
Mild
",Low,N/A
No,No,No,No,Low,Moderate,Low,25
No,No,No,No,Low,Severe,Low,100
No,No,No,No,High,Severe,High,100
No,No,No,No,N/A,Very Severe,Extreme,N/A
