"Dive Alone? (YES,NO)","Accidents?(YES,NO)","Dive Purpose Risk(Low, Moderate, High, Extreme)","Dive Training Risk (Low, Moderate, High, Extreme)","SCUBA UW STP (Accept, RUW, Decline)","UW Handling Type (Light Touch, Full)",Add SUBA
Yes,Yes,N/A,N/A,Decline,N/A,Add SCUBA
N/A,N/A,"Extreme
",N/A,Decline,N/A,Add SCUBA
N/A,N/A,N/A,"Extreme
",Decline,N/A,Add SCUBA
N/A,N/A,"High
","Extreme
",RUW,Full,Add SCUBA
N/A,N/A,"Extreme
","High
",RUW,Full,Add SCUBA
No,N/A,"Moderate
","Moderate
Low
",RUW,Light Touch,Add SCUBA
No,N/A,"Moderate
Low
","Moderate
",RUW,Light Touch,Add SCUBA
N/A,No,"Low
","Low
",Accept,N/A,Add SCUBA
