Ever used Tobacco Products?,Type of Tobacco Product Used,Last Time Used,Frequency,Tobacco UW STP,UW Handling Type,Rating Type,Add Habit Disclosure
false,N/A,N/A,N/A,Accept,Best,,Add HabitDisclosures
true,"contains Cigarettes, Pipe Tobacco, Electronic Cigarettes, Chewing Tobacco, Hookah, Nicotine Patch, Nicotine Gum, Other Tobacco",< 12,N/A,Accept,Best,Tobacco,Add HabitDisclosures
true,"contains Cigarettes, Pipe Tobacco, Electronic Cigarettes, Chewing Tobacco, Hookah, Nicotine Patch, Nicotine Gum, Other Tobacco",>= 12,N/A,Accept,Good,,Add HabitDisclosures
true,contains Cigars,>= 12,N/A,Accept,Good,,Add HabitDisclosures
true,contains Cigars,< 12,> 12,Accept,Best,Tobacco,Add HabitDisclosures
true,contains Cigars,< 12,<= 12,Accept,Good,,Add HabitDisclosures
